helyseg;lakos
Debrecen;204333
Miskolc;162905
Szeged;161837
Pécs;147719
Budapest 11. ker.;144599
Gyõr;128567
Budapest 03. ker.;126654
Budapest 14. ker.;123492
Nyíregyháza;118185
Budapest 13. ker.;117866
Kecskemét;111863
Budapest 18. ker.;100912
Budapest 04. ker.;99784
Székesfehérvár;99247
Budapest 02. ker.;88477
Budapest 17. ker.;87055
Budapest 15. ker.;80686
Budapest 10. ker.;79160
Szombathely;77547
Budapest 21. ker.;76620
Budapest 08. ker.;75042
Szolnok;73193
Budapest 16. ker.;72181
Tatabánya;67406
Budapest 20. ker.;65631
Kaposvár;65337
Érd;63333
Békéscsaba;61046
Veszprém;60876
Budapest 19. ker.;60696
Sopron;60528
Zalaegerszeg;59618
Budapest 09. ker.;58747
Budapest 12. ker.;57922
Budapest 07. ker.;55618
Eger;54867
Budapest 22. ker.;54166
Nagykanizsa;49070
Dunaújváros;46813
Hódmezõvásárhely;45700
Dunakeszi;40441
Budapest 06. ker.;37890
Salgótarján;37199
Cegléd;36384
Baja;36224
Szigetszentmiklós;34714
Ózd;34361
Szekszárd;33599
Vác;33475
Gödöllõ;32792
Mosonmagyaróvár;32092
Hajdúböszörmény;31547
Pápa;31528
Gyula;31199
Gyöngyös;31018
Kiskunfélegyháza;29567
Ajka;29048
Orosháza;28888
Esztergom;28550
Szentes;28456
Kazincbarcika;28249
Kiskunhalas;28101
Budaörs;27306
Jászberény;26809
Budapest 05. ker.;26058
Siófok;25441
Szentendre;25274
Budapest 01. ker.;24561
Komló;24066
Nagykõrös;24016
Hajdúszoboszló;23988
Tata;23726
Makó;23378
Gyál;22709
Budapest 23. ker.;21894
Törökszentmiklós;21098
Hatvan;20525
Karcag;20523
Dunaharaszti;20396
Keszthely;20382
Várpalota;20307
Vecsés;20164
Békés;19924
Paks;19481
Komárom;19200
Dombóvár;19067
Fót;18927
Százhalombatta;18577
Oroszlány;18326
Göd;17843
Mohács;17738
Monor;17677
Balmazújváros;17622
Hajdúnánás;17168
Mátészalka;17144
Mezõtúr;17111
Szigethalom;17035
Csongrád;16961
Kisvárda;16888
Szarvas;16795
Tiszaújváros;16654
Mezõkövesd;16644
Kalocsa;16552
Dabas;16506
Gyömrõ;16466
Pomáz;16445
Veresegyház;16333
Balassagyarmat;16055
Tapolca;15966
Berettyóújfalu;15411
Sátoraljaújhely;15301
Pécel;15123
Püspökladány;15008
Sárvár;14812
Abony;14769
Mór;14357
Kiskõrös;14303
Pilisvörösvár;13838
Bonyhád;13758
Budakeszi;13707
Gyomaendrõd;13688
Balatonfüred;13313
Törökbálint;13015
Újfehértó;12979
Tiszavasvári;12964
Hajdúsámson;12884
Sárospatak;12827
Bátonyterenye;12764
Hajdúhadház;12762
Biatorbágy;12638
Nagykáta;12576
Sárbogárd;12508
Nyírbátor;12399
Albertirsa;12181
Kistarcsa;12046
Sajószentpéter;12034
Dorog;11905
Bicske;11813
Maglód;11753
Marcali;11733
Körmend;11694
Kõszeg;11628
Tiszafüred;11616
Üllõ;11585
Tiszakécske;11553
Kiskunmajsa;11498
Pilis;11498
Kisújszállás;11469
Tiszaföldvár;11227
Isaszeg;11210
Lajosmizse;11188
Barcs;11173
Tolna;11172
Celldömölk;11156
Nagyatád;10921
Heves;10864
Szigetvár;10755
Mezõberény;10586
Kapuvár;10498
Csorna;10489
Budakalász;10450
Sarkad;10108
Tököl;10106
Edelény;10030
Ráckeve;9965
Gárdony;9952
Kerepes;9943
Solymár;9901
Pásztó;9559
Siklós;9501
Nagykálló;9469
Szeghalom;9412
Diósd;9235
Halásztelek;9183
Szerencs;9166
Csömör;9077
Ócsa;9073
Jánoshalma;8941
Derecske;8914
Tárnok;8888
Nádudvar;8887
Jászapáti;8879
Hajdúdorog;8877
Túrkeve;8869
Kiskunlacháza;8855
Vásárosnamény;8831
Kunszentmárton;8793
Szentgotthárd;8787
Dunaföldvár;8722
Kecel;8707
Balatonalmádi;8506
Kunszentmiklós;8385
Tamási;8345
Sülysáp;8188
Ercsi;8139
Polgár;8062
Dévaványa;7967
Fehérgyarmat;7967
Lenti;7961
Piliscsaba;7950
Sándorfalva;7918
Jászárokszállás;7910
Füzesabony;7823
Nyíradony;7778
Kunhegyes;7748
Tura;7721
Nyergesújfalu;7550
Erdõkertes;7505
Soltvadkert;7487
Dunavarsány;7416
Kistelek;7138
Zirc;7106
Létavértes;7098
Õrbottyán;7091
Üröm;7091
Vésztõ;7039
Mindszent;6990
Páty;6974
Nagykovácsi;6912
Enying;6868
Ibrány;6835
Bácsalmás;6811
Putnok;6810
Ács;6808
Polgárdi;6807
Szentlõrinc;6750
Nyírtelek;6730
Felsõzsolca;6658
Zalaszentgrót;6634
Fegyvernek;6558
Nagyecsed;6524
Encs;6500
Martfû;6490
Solt;6488
Téglás;6485
Balkány;6468
Bátaszék;6380
Mogyoród;6375
Mezõkovácsháza;6362
Sümeg;6357
Kerekegyháza;6354
Újszász;6216
Szabadszállás;6202
Aszód;6163
Tápiószecsõ;6162
Taksony;6105
Tótkomlós;6071
Gyõrújbarát;6048
Mezõcsát;6036
Jánossomorja;6034
Pusztaszabolcs;6026
Kaba;6005
Szécsény;5999
Tápiószele;5992
Battonya;5974
Kozármisleny;5934
Berhida;5917
Balatonboglár;5901
Füzesgyarmat;5887
Mórahalom;5822
Dömsöd;5795
Alsózsolca;5768
Hosszúpályi;5763
Nagyhalász;5741
Izsák;5710
Lõrinci;5696
Jászfényszaru;5664
Jászladány;5642
Kartal;5617
Martonvásár;5603
Szikszó;5582
Komádi;5579
Kunmadaras;5559
Jászkisér;5546
Mezõhegyes;5537
Tahitótfalu;5496
Tiszalök;5485
Velence;5445
Kisbér;5432
Rákóczifalva;5410
Tát;5327
Vámospércs;5321
Balatonlelle;5309
Tápiószentmárton;5298
Tiszalúc;5247
Csurgó;5229
Újkígyós;5226
Alsónémedi;5203
Zsámbék;5199
Csákvár;5197
Mélykút;5165
Kondoros;5164
Bugyi;5160
Egyek;5128
Nagyszénás;5063
Algyõ;5046
Lábatlan;4968
Nyékládháza;4965
Csorvás;4962
Emõd;4932
Tiszaalpár;4926
Csenger;4924
Szentmártonkáta;4905
Domaszék;4885
Nyírmada;4885
Onga;4857
Fonyód;4856
Elek;4851
Örkény;4836
Kemecse;4792
Pétfürdõ;4775
Nagymaros;4756
Tiszacsege;4754
Mezõfalva;4720
Szada;4675
Hévíz;4663
Körösladány;4661
Szatymaz;4628
Kenderes;4593
Tokaj;4524
Szabadbattyán;4518
Rakamaz;4512
Szegvár;4506
Kótaj;4496
Aba;4484
Rácalmás;4479
Lakitelek;4466
Ebes;4442
Helvécia;4440
Seregélyes;4432
Tab;4430
Devecser;4427
Dány;4424
Szõdliget;4423
Tompa;4423
Környe;4418
Inárcs;4407
Mikepércs;4405
Vasvár;4387
Törtel;4383
Tószeg;4382
Ceglédbercel;4364
Abádszalók;4328
Szirmabesenyõ;4317
Kóka;4316
Demecser;4284
Cibakháza;4253
Balatonfûzfõ;4248
Mándok;4247
Szendrõ;4228
Doboz;4207
Letenye;4202
Fadd;4199
Nyúl;4188
Csemõ;4166
Pilisszentiván;4165
Tokod;4137
Mende;4133
Simontornya;4128
Záhony;4125
Monorierdõ;4116
Hernád;4111
Bodajk;4110
Etyek;4110
Nagyvenyim;4096
Harkány;4087
Mályi;4080
Dombrád;4070
Földes;4069
Biharkeresztes;4054
Pécsvárad;4051
Baktalórántháza;4037
Tét;4023
Perkáta;3987
Bóly;3974
Dunavecse;3903
Kiszombor;3894
Pannonhalma;3890
Nagytarcsa;3883
Fertõszentmiklós;3876
Nyíracsád;3871
Mezõkeresztes;3868
Arló;3853
Decs;3843
Ásotthalom;3841
Verpelét;3839
Nyírábrány;3798
Ajak;3785
Bábolna;3774
Szajol;3771
Sükösd;3727
Medgyesegyháza;3721
Békésszentandrás;3716
Adony;3714
Bag;3710
Telki;3707
Kétegyháza;3694
Nyáregyháza;3693
Napkor;3679
Taktaharkány;3658
Hort;3657
Verõce;3643
Gádoros;3642
Vaja;3639
Ecser;3624
Kengyel;3613
Kállósemjén;3600
Szõd;3586
Érsekvadkert;3574
Gyenesdiás;3568
Délegyháza;3559
Kápolnásnyék;3536
Gávavencsellõ;3528
Hernádnémeti;3520
Farmos;3507
Kál;3506
Deszk;3485
Leányfalu;3483
Jászalsószentgyörgy;3482
Balástya;3481
Pilisborosjenõ;3481
Felsõtárkány;3479
Hosszúhetény;3464
Tápiógyörgye;3461
Bük;3454
Zagyvarékas;3441
Tuzsér;3418
Harta;3417
Hegyeshalom;3407
Nyírpazony;3403
Herend;3377
Orgovány;3377
Vaskút;3371
Ballószög;3368
Zsombó;3364
Táborfalva;3363
Öcsöd;3362
Baracs;3360
Besenyszög;3358
Hodász;3349
Akasztó;3346
Fertõd;3344
Balatonkenese;3334
Tápióbicske;3331
Felsõpakony;3324
Vép;3323
Ráckeresztúr;3310
Gyõrszemere;3297
Sárosd;3296
Nagybajom;3288
Borsodnádasd;3279
Csepreg;3275
Erdõtelek;3274
Bordány;3258
Bököny;3221
Tóalmás;3219
Dunapataj;3180
Ecséd;3180
Csobánka;3178
Csolnok;3166
Sásd;3165
Múcsony;3151
Lébény;3147
Hajdúszovát;3146
Nyírbogát;3143
Nagyréde;3131
Abaújszántó;3130
Lengyeltóti;3123
Hajós;3115
Csabrendek;3113
Dunabogdány;3113
Sajókaza;3112
Dánszentmiklós;3103
Sóskút;3100
Halászi;3097
Röszke;3091
Nagymágocs;3089
Bocskaikert;3081
Bélapátfalva;3075
Üllés;3062
Abda;3058
Zalalövõ;3058
Pákozd;3057
Földeák;3049
Bakonycsernye;3043
Cigánd;3037
Karácsond;3028
Nagyigmánd;3025
Boldog;3021
Lepsény;3016
Gönyû;3012
Vértesszõlõs;3007
Hévízgyörk;2997
Sárszentmihály;2997
Balatonszabadi;2994
Nyírbéltek;2990
Jászjákóhalma;2984
Zalakomár;2982
Apátfalva;2977
Sárrétudvari;2976
Ópályi;2968
Dusnok;2958
Poroszló;2958
Sajólád;2958
Levelek;2956
Gomba;2951
Csanádpalota;2941
Kisköre;2936
Tiszabura;2933
Tiszadob;2929
Tápiószõlõs;2928
Öttevény;2926
Tokodaltáró;2922
Pátroha;2905
Hõgyész;2904
Madaras;2903
Tarcal;2898
Kocsord;2893
Gyöngyössolymos;2888
Szalkszentmárton;2879
Sajóbábony;2872
Hajmáskér;2865
Pilisszántó;2865
Nyírbogdány;2861
Biharnagybajom;2840
Tass;2833
Érsekcsanád;2830
Nyírlugos;2824
Iváncsa;2823
Gesztely;2813
Szob;2806
Szakoly;2795
Cserszegtomaj;2792
Bölcske;2787
Rétság;2777
Kunágota;2769
Diósjenõ;2768
Szentgál;2762
Bugac;2759
Csanytelek;2757
Baj;2754
Bõcs;2753
Kakucs;2747
Gencsapáti;2743
Sárisáp;2740
Recsk;2733
Petõfibánya;2730
Sellye;2727
Jászkarajenõ;2724
Andornaktálya;2713
Nagyhegyes;2712
Megyaszó;2711
Újhartyán;2707
Zákányszék;2697
Adács;2694
Baracska;2694
Iregszemcse;2692
Porcsalma;2682
Újszilvás;2674
Besenyõtelek;2672
Pocsaj;2668
Báránd;2667
Kulcs;2665
Répcelak;2659
Bácsbokod;2656
Beled;2656
Tornyospálca;2655
Ostoros;2654
Karancslapujtõ;2651
Kóny;2647
Jakabszállás;2646
Lovasberény;2642
Köröstarcsa;2640
Tiszakeszi;2630
Nemesvámos;2627
Nyírmeggyes;2622
Okány;2607
Kesztölc;2606
Ják;2603
Berzence;2602
Kelebia;2600
Csanádapáca;2599
Rajka;2597
Nagydorog;2591
Cece;2589
Ófehértó;2587
Tápióság;2586
Gyöngyöspata;2584
Rudabánya;2584
Úri;2573
Tiszaeszlár;2572
Táplánszentkereszt;2570
Abasár;2567
Tarján;2560
Dunaszentgyörgy;2555
Jánosháza;2553
Villány;2545
Gyöngyöshalász;2542
Forró;2541
Apc;2536
Kocs;2536
Arnót;2529
Segesd;2528
Sárkeresztúr;2524
Bagamér;2523
Bekecs;2521
Szentistván;2520
Szabadkígyós;2519
Fényeslitke;2516
Kadarkút;2516
Kisláng;2516
Beremend;2509
Tiszanána;2508
Jászszentandrás;2504
Tiszakarád;2498
Galgahévíz;2489
Prügy;2489
Ruzsa;2485
Kosd;2483
Jászszentlászló;2477
Gyõrzámoly;2474
Tunyogmatolcs;2466
Jánoshida;2463
Vál;2456
Zamárdi;2451
Görbeháza;2450
Pusztavám;2449
Békéssámson;2445
Rábapatona;2445
Ónod;2444
Kisszállás;2429
Mezõzombor;2429
Valkó;2427
Lánycsók;2426
Gyöngyöstarján;2418
Maklár;2411
Kaposmérõ;2407
Szászvár;2407
Szank;2406
Boldva;2399
Káloz;2389
Böhönye;2380
Mosonszentmiklós;2379
Mágocs;2376
Császártöltés;2375
Pér;2374
Úrhida;2374
Nyírkarász;2371
Mány;2370
Elõszállás;2365
Õcsény;2365
Gara;2359
Zsámbok;2352
Magyarbánhegyes;2335
Naszály;2335
Piliscsév;2321
Nyárlõrinc;2319
Tiszadada;2317
Forráskút;2315
Pétervására;2306
Buj;2303
Kéthely;2299
Tengelic;2296
Ópusztaszer;2292
Mád;2290
Nagymányok;2289
Pincehely;2288
Szárliget;2286
Lajoskomárom;2284
Szedres;2284
Szigetcsép;2282
Nagybaracska;2281
Somoskõújfalu;2280
Apagy;2279
Kimle;2277
Kerecsend;2274
Cserkeszõlõ;2260
Pellérd;2255
Sáránd;2254
Bucsa;2250
Balatonföldvár;2235
Szigetmonostor;2235
Sajószöged;2232
Öskü;2230
Fertõrákos;2225
Töltéstava;2218
Bogyiszló;2216
Nyírcsaholy;2210
Döge;2206
Dég;2201
Fülöpszállás;2201
Nyírmihálydi;2201
Zámoly;2197
Pilisszentkereszt;2193
Székkutas;2193
Jászdózsa;2188
Buják;2187
Péteri;2185
Tiszaszentimre;2183
Badacsonytomaj;2178
Vonyarcvashegy;2178
Sajóvámos;2176
Herceghalom;2174
Városföld;2173
Mérk;2171
Gönc;2164
Nagyrábé;2164
Tarpa;2164
Monostorpályi;2162
Domony;2159
Máriapócs;2155
Kántorjánosi;2150
Konyár;2145
Nagyoroszi;2143
Mocsa;2142
Nagydobos;2142
Szabadegyháza;2142
Mezõszilas;2140
Jobbágyi;2137
Szigetszentmárton;2133
Litér;2127
Romhány;2127
Ágfalva;2125
Ádánd;2124
Bõny;2122
Kunfehértó;2121
Csány;2118
Tiszapüspöki;2098
Tiszabõ;2095
Kismaros;2093
Hidas;2092
Gyönk;2091
Méhkerék;2090
Almásfüzitõ;2089
Bercel;2088
Bõsárkány;2088
Hercegszántó;2085
Alattyán;2084
Parád;2082
Becsehely;2080
Fábiánsebestyén;2080
Perbál;2078
Kevermes;2075
Maroslele;2073
Zomba;2069
Dombegyház;2066
Õsi;2065
Pázmánd;2065
Kópháza;2064
Tordas;2064
Nyírtass;2063
Nyírmártonfalva;2061
Süttõ;2061
Bátya;2060
Csengõd;2059
Úrkút;2057
Koroncó;2054
Kistokaj;2049
Lábod;2048
Szany;2047
Bokod;2046
Nyírgyulaj;2045
Aranyosapáti;2041
Harsány;2041
Tyukod;2041
Vácszentlászló;2040
Csengele;2033
Apostag;2032
Iklad;2031
Szendrõlád;2029
Döbrököz;2026
Kompolt;2021
Baks;2018
Domoszló;2006
Pánd;2006
Szomód;2005
Dávod;2003
Hajdúbagos;1996
Kecskéd;1996
Pilismarót;1991
Kaszaper;1990
Rákócziújfalu;1988
Dunaszeg;1985
Bogács;1982
Zagyvaszántó;1979
Encsencs;1977
Gégény;1975
Nyírkáta;1975
Tállya;1975
Nyírvasvári;1972
Taszár;1970
Dunaszekcsõ;1968
Alap;1967
Kék;1966
Balatonszárszó;1965
Vámosgyörk;1963
Farád;1959
Mátraderecske;1959
Mátraverebély;1958
Szigetújfalu;1957
Fehérvárcsurgó;1955
Szamosszeg;1955
Iszkaszentgyörgy;1953
Katymár;1951
Nyársapát;1949
Taktaszada;1949
Nagykozár;1948
Nagycenk;1945
Rózsaszentmárton;1945
Rád;1944
Torony;1942
Gyulaháza;1939
Szurdokpüspöki;1939
Szihalom;1938
Bajna;1937
Madocsa;1935
Farkaslyuk;1929
Egerszalók;1927
Heréd;1927
Kömlõ;1927
Csökmõ;1925
Tiszabezdéd;1925
Csetény;1922
Szentkirály;1921
Szentkirályszabadja;1920
Pócsmegyer;1919
Szentlõrinckáta;1915
Hejõbába;1913
Nyirád;1911
Anarcs;1910
Ágasegyháza;1908
Jászfelsõszentgyörgy;1905
Kálmánháza;1905
Karancskeszi;1905
Tiszabercel;1897
Csévharaszt;1895
Tar;1892
Csörög;1891
Vasad;1889
Harka;1885
Dunakiliti;1884
Tolcsva;1884
Csávoly;1882
Sirok;1881
Ásványráró;1877
Balatonfenyves;1874
Nemesnádudvar;1874
Kazár;1870
Tatárszentgyörgy;1870
Berekböszörmény;1869
Vácrátót;1869
Mátraterenye;1867
Felsõszentiván;1865
Kisléta;1864
Pálmonostora;1863
Aszaló;1860
Csabacsûd;1860
Sály;1860
Karcsa;1859
Kocsér;1859
Ököritófülpös;1859
Budajenõ;1858
Járdánháza;1857
Noszvaj;1856
Császár;1855
Galgamácsa;1854
Zalakaros;1849
Kesznyéten;1845
Écs;1841
Felcsút;1841
Rimóc;1841
Pap;1839
Halmaj;1838
Lõkösháza;1835
Markaz;1834
Ságvár;1830
Sármellék;1829
Balatonszemes;1827
Tiszanagyfalu;1826
Vajszló;1821
Soponya;1820
Szederkény;1817
Tarnaörs;1812
Piricse;1810
Szokolya;1810
Bócsa;1803
Somogyvár;1803
Tázlár;1797
Ikervár;1795
Ricse;1795
Visegrád;1795
Izsófalva;1794
Csór;1791
Nagyszentjános;1790
Petneháza;1790
Tarnalelesz;1789
Bakonyszentlászló;1787
Méra;1786
Levél;1785
Nagycserkesz;1785
Csákánydoroszló;1780
Újszentiván;1775
Nyírtura;1774
Váchartyán;1772
Tömörkény;1768
Fülöp;1761
Geszteréd;1761
Pusztaföldvár;1761
Nagyvázsony;1760
Ikrény;1755
Vértesacsa;1746
Enese;1745
Nádasdladány;1745
Zsadány;1745
Leányvár;1744
Báta;1742
Csopak;1741
Murakeresztúr;1741
Tiszasziget;1739
Atkár;1738
Besnyõ;1737
Olaszliszka;1737
Máriakálnok;1733
Mátranovák;1730
Szabolcsveresmart;1728
Miske;1722
Szilvásvárad;1720
Fábiánháza;1718
Nógrádmegyer;1716
Németkér;1715
Ászár;1713
Fajsz;1712
Jászboldogháza;1711
Jánkmajtis;1710
Mosonszolnok;1707
Monok;1700
Érpatak;1692
Kunszállás;1691
Bükkábrány;1690
Hernádkak;1689
Pátka;1686
Tiszatenyõ;1684
Pócspetri;1681
Ormosbánya;1680
Pacsa;1676
Csólyospálos;1673
Álmosd;1672
Újlengyel;1672
Tarnaméra;1671
Csépa;1669
Kisgyõr;1664
Tác;1664
Vasmegyer;1664
Kakasd;1658
Zalaapáti;1654
Istenmezeje;1653
Jásztelek;1648
Rábapaty;1648
Szár;1646
Varsány;1646
Vámosmikola;1644
Dudar;1643
Kõtelek;1640
Hangony;1639
Türje;1638
Gyõrladamér;1635
Bana;1630
Mezõnyárád;1630
Bak;1628
Foktõ;1628
Szomolya;1627
Kurityán;1625
Nagykörû;1624
Nagyfüged;1623
Ozora;1620
Derekegyház;1618
Tiszajenõ;1617
Palotás;1616
Gyõrtelek;1615
Tardos;1615
Balatonszentgyörgy;1614
Vámosszabadi;1614
Kaposfõ;1613
Bajót;1607
Balatonkeresztúr;1605
Tinnye;1604
Mátraszõlõs;1603
Somogyjád;1601
Gyõrújfalu;1600
Szûcsi;1600
Tiszakanyár;1599
Babócsa;1597
Ladánybene;1597
Felsõörs;1591
Nagylóc;1591
Zsáka;1590
Mezõtárkány;1589
Szepetnek;1589
Sarkadkeresztúr;1587
Alsóörs;1586
Somogyszob;1586
Karád;1584
Pusztamonostor;1581
Szerep;1576
Csokonyavisonta;1575
Öreglak;1572
Pálfa;1572
Gellénháza;1571
Pilisjászfalu;1571
Tiszaroff;1571
Gyöngyösoroszi;1567
Darnózseli;1566
Kunbaja;1562
Görcsöny;1559
Karancsalja;1557
Kunadacs;1557
Tiszaszõlõs;1548
Csomád;1546
Dédestapolcsány;1546
Kékcse;1546
Dunaalmás;1542
Kápolna;1542
Magyaralmás;1539
Legyesbénye;1538
Alsóvadász;1531
Nagysáp;1531
Ramocsaháza;1529
Sárkeresztes;1527
Nagyharsány;1526
Papkeszi;1526
Kõszárhegy;1524
Bátmonostor;1519
Majosháza;1519
Tárkány;1518
Kölesd;1515
Szendehely;1515
Hegykõ;1513
Átány;1512
Dunasziget;1510
Szatmárcseke;1508
Sajókeresztúr;1507
Vaszar;1507
Kötegyán;1506
Tiszavárkony;1506
Kaposszekcsõ;1504
Penc;1502
Hortobágy;1498
Mecseknádasd;1497
Ludányhalászi;1496
Tényõ;1494
Balotaszállás;1492
Drégelypalánk;1491
Szákszend;1486
Újszentmargita;1486
Csátalja;1485
Nagyvarsány;1484
Kincsesbánya;1481
Nagyberki;1480
Tiszasüly;1476
Pusztaszer;1467
Vilmány;1467
Bükkaranyos;1466
Tiszakürt;1463
Söjtör;1461
Tiszapalkonya;1461
Alcsútdoboz;1458
Gyõrság;1458
Kálló;1458
Kutas;1456
Magyarcsanád;1455
Pusztadobos;1455
Püspökhatvan;1453
Õr;1451
Bakonyszombathely;1450
Kübekháza;1450
Telekgerendás;1450
Dunaegyháza;1446
Petõfiszállás;1446
Egerbakta;1445
Sajópetri;1441
Gyermely;1436
Tiszatelek;1436
Borota;1432
Etes;1429
Pácin;1428
Lövõ;1427
Nagykamarás;1426
Biri;1424
Tetétlen;1422
Pereszteg;1421
Novajidrány;1420
Tevel;1419
Somberek;1418
Szeremle;1417
Tibolddaróc;1417
Tiszatarján;1416
Pitvaros;1415
Sényõ;1414
Réde;1412
Véménd;1411
Mernye;1410
Acsa;1407
Ugod;1402
Verseg;1402
Bánhorváti;1401
Homokmégy;1398
Végegyháza;1396
Szügy;1391
Nógrád;1389
Novaj;1389
Szakály;1387
Tiszaörs;1387
Köröm;1386
Kisapostag;1385
Bodroghalom;1384
Mesztegnyõ;1384
Bezenye;1377
Dejtár;1377
Vasszécseny;1374
Buzsák;1369
Pusztavacs;1367
Látrány;1364
Alsópáhok;1360
Kölcse;1360
Vácduka;1360
Sárszentágota;1359
Tihany;1358
Szil;1354
Bánréve;1352
Gerendás;1352
Sé;1352
Nagykereki;1349
Kétsoprony;1348
Vizslás;1347
Egercsehi;1346
Vajdácska;1346
Pély;1345
Timár;1345
Sukoró;1343
Városlõd;1343
Esztár;1342
Balatonfõkajár;1339
Csókakõ;1338
Tök;1338
Mezõszentgyörgy;1334
Nagykarácsony;1333
Jenõ;1332
Nádasd;1332
Balatonendréd;1330
Nagyberény;1330
Kõröshegy;1329
Neszmély;1325
Egyházasrádóc;1315
Iván;1308
Rém;1306
Vitnyéd;1306
Bágyogszovát;1304
Sajóörös;1304
Szigetbecse;1304
Boconád;1303
Kocsola;1303
Daruszentmiklós;1302
Tótvázsony;1297
Vértessomló;1294
Taktakenéz;1293
Komoró;1289
Soltszentimre;1288
Igal;1286
Kenézlõ;1281
Mártély;1281
Jármi;1280
Magyarkeszi;1278
Ecsegfalva;1274
Tard;1274
Kajárpéc;1273
Paszab;1273
Börcs;1271
Iharosberény;1271
Igrici;1266
Gyarmat;1265
Halmajugra;1265
Bakonybél;1264
Nagybánhegyes;1264
Kismarja;1263
Gyömöre;1262
Kajdacs;1262
Vanyarc;1262
Fertõszéplak;1261
Dalmand;1259
Kõvágószõlõs;1255
Bagod;1254
Galambok;1244
Karancsság;1242
Lovászi;1242
Páhi;1240
Endrefalva;1238
Zalahaláp;1238
Ilk;1237
Szakmár;1237
Murony;1236
Sióagárd;1236
Bükkszentkereszt;1234
Hencida;1234
Inke;1233
Nárai;1233
Somogysárd;1233
Mezõcsokonya;1232
Súr;1232
Bakonszeg;1231
Keszü;1228
Szõlõsgyörök;1228
Tataháza;1228
Tenk;1225
Apaj;1224
Gyúró;1223
Rohod;1223
Máza;1222
Nagyiván;1219
Ináncs;1218
Kehidakustány;1218
Kunsziget;1218
Tarnazsadány;1218
Eperjeske;1217
Márkó;1216
Sopronkövesd;1214
Zebegény;1213
Felgyõ;1211
Ravazd;1211
Hédervár;1209
Kislõd;1208
Borsodszentgyörgy;1204
Gerjen;1203
Szirák;1203
Váncsod;1203
Hetes;1201
Gyüre;1200
Mezõszemere;1199
Szabolcsbáka;1199
Sarud;1198
Nyírcsászári;1197
Hejõpapi;1196
Nagyesztergár;1196
Balatonvilágos;1195
Juta;1195
Bénye;1193
Pilisszentlászló;1193
Makád;1192
Õriszentpéter;1189
Pusztamérges;1187
Révfülöp;1187
Borsodszirák;1185
Alsószentmárton;1184
Rezi;1184
Pogány;1183
Tarany;1183
Kurd;1182
Furta;1181
Szuhogy;1181
Bácsborsód;1179
Csabdi;1178
Ecseg;1178
Berente;1177
Monostorapáti;1176
Szalánta;1176
Regöly;1175
Csákberény;1171
Magyarpolány;1170
Bodrogkeresztúr;1168
Detk;1166
Pápateszér;1166
Rum;1166
Fülöpjakab;1164
Szelevény;1160
Nyírgelse;1159
Parasznya;1157
Páka;1156
Pusztazámor;1156
Homokszentgyörgy;1154
Lovászpatona;1154
Somlóvásárhely;1153
Tiszaszentmárton;1151
Balogunyom;1144
Dömös;1144
Erdõbénye;1144
Gyöngyösfalu;1144
Nagykónyi;1144
Sáta;1143
Halimba;1142
Lesencetomaj;1141
Várdomb;1137
Hidasnémeti;1134
Visznek;1131
Bárdudvarnok;1127
Babót;1125
Bocfölde;1123
Ároktõ;1122
Cered;1122
Magyarnándor;1122
Szentpéterszeg;1122
Áporka;1121
Vásárosdombó;1120
Bódvaszilas;1119
Letkés;1119
Berzék;1118
Gelse;1118
Sokorópátka;1118
Boldogkõváralja;1117
Mezõgyán;1117
Szalonna;1116
Tépe;1116
Teskánd;1116
Visonta;1115
Bükkszenterzsébet;1114
Görgeteg;1111
Kömlõd;1111
Tiszabecs;1111
Andocs;1110
Gérce;1110
Káld;1105
Rétközberencs;1105
Bükkösd;1104
Medgyesbodzás;1103
Dorogháza;1101
Tiszaderzs;1099
Zákány;1098
Tótszerdahely;1096
Nézsa;1092
Varbó;1092
Balatonberény;1091
Nyírtét;1088
Galgagyörk;1087
Beszterec;1086
Mezõladány;1086
Nagyrécse;1083
Bárna;1081
Szalaszend;1081
Nyíribrony;1080
Sajóhídvég;1080
Sárszentlõrinc;1078
Balaton;1076
Csököly;1076
Kisar;1076
Pálháza;1075
Bakonynána;1067
Szomor;1067
Hahót;1066
Tabdi;1066
Örményes;1064
Mezõnagymihály;1063
Mihályi;1063
Olaszfalu;1061
Újléta;1061
Ságújfalu;1059
Sajóecseg;1059
Magyarszék;1056
Nagylók;1056
Sarród;1056
Uszód;1056
Lukácsháza;1055
Hejõkeresztúr;1053
Nõtincs;1053
Tardona;1053
Vajta;1053
Tolnanémedi;1052
Egervár;1051
Gutorfölde;1051
Kamut;1050
Beloiannisz;1049
Kisnána;1049
Gyulaj;1048
Kölked;1048
Himesháza;1046
Székely;1046
Csõsz;1043
Kajászó;1042
Zalaszentiván;1042
Várvölgy;1041
Petõháza;1039
Szorgalmatos;1039
Aparhant;1038
Dormánd;1038
Kisvarsány;1035
Mezõlak;1035
Tiszasas;1035
Rábapordány;1034
Héreg;1032
Balatonederics;1030
Veszprémvarsány;1030
Felsõnyék;1029
Cserépfalu;1028
Újkenéz;1026
Somogyudvarhely;1025
Rábahídvég;1024
Egerszólát;1022
Balatongyörök;1021
Géderlak;1020
Serényfalva;1020
Tiszagyenda;1020
Kaskantyú;1019
Tiborszállás;1019
Hernádvécse;1018
Mozsgó;1016
Bakonysárkány;1012
Bélmegyer;1011
Feldebrõ;1011
Berekfürdõ;1008
Dad;1008
Körösszegapáti;1007
Nagylózs;1007
Újpetre;1007
Szentpéterfa;1006
Bicsérd;1005
Csót;1003
Szentpéterúr;1003
Sáp;1002
Bogád;1001
Hobol;1000
Orfû;1000
Rábatamási;1000
Nagysimonyi;998
Szászberek;998
Isztimér;997
Laskod;995
Szuhakálló;993
Györköny;992
Kemence;990
Gyékényes;988
Felsõnyárád;987
Bükkzsérc;985
Mátraszele;984
Õrhalom;983
Noszlop;982
Nyírparasznya;982
Nagybarca;981
Nemesbikk;981
Borsosberény;980
Kaposszerdahely;980
Penészlek;978
Tápszentmiklós;974
Mosdós;973
Mezõkomárom;971
Újkér;971
Zalaszentmihály;971
Rátka;970
Tiszakerecseny;970
Zalacsány;970
Kerekharaszt;969
Nagybajcs;969
Bihartorda;968
Nagyvisnyó;968
Héhalom;967
Mezõörs;967
Vállaj;965
Zalaszántó;965
Biharugra;963
Majs;963
Hantos;962
Újudvar;960
Kázsmárk;959
Gölle;957
Igar;956
Királyegyháza;956
Magyarhomorog;955
Pusztahencse;955
Sóshartyán;955
Pázmándfalu;954
Gátér;952
Nyárád;951
Darány;950
Egerág;950
Felsõszentmárton;950
Lesenceistvánd;949
Dág;948
Kisoroszi;946
Magyarbóly;945
Almáskamarás;943
Mohora;942
Erk;940
Pókaszepetk;937
Vatta;935
Homrogd;933
Annavölgy;931
Felsõdobsza;930
Pirtó;930
Bodrogolaszi;928
Nemesgulács;926
Csécse;925
Nagykapornak;925
Ötvöskónyi;925
Palotabozsok;925
Tiszaug;925
Kardoskút;923
Nemesszalók;923
Veszkény;923
Magy;922
Borsodbóta;921
Zichyújfalu;921
Gáborján;919
Rédics;916
Újtikos;915
Csokvaomány;914
Kiskorpád;914
Patak;912
Nábrád;911
Versend;911
Milota;910
Nagyszokoly;910
Agyagosszergény;908
Osli;907
Dunafalva;905
Bernecebaráti;904
Kõröstetétlen;904
Balinka;903
Csörötnek;902
Kapospula;901
Tabajd;901
Girincs;899
Magyargéc;899
Gacsály;898
Harc;898
Kenyeri;898
Nyírjákó;895
Tarnaszentmiklós;894
Újcsanálos;893
Makkoshotyka;892
Pakod;891
Zalavár;886
Litke;885
Karancsberény;884
Szárföld;883
Váralja;883
Vértesboglár;883
Takácsi;882
Berkesd;881
Szakcs;880
Márianosztra;878
Püspökmolnári;878
Gödre;876
Uraiújfalu;876
Vokány;875
Füle;873
Bodrogkisfalud;872
Sormás;872
Badacsonytördemic;871
Kisbajcs;871
Gulács;870
Nagytálya;869
Csikéria;868
Pusztakovácsi;868
Bakonyszentkirály;867
Vizsoly;867
Egyházasfalu;866
Tiszaszalka;866
Dunaszentbenedek;865
Szabadhídvég;863
Felsõlajos;862
Harkakötöny;862
Bázakerettye;861
Cikó;861
Csesztreg;860
Zalaszentlászló;857
Hugyag;856
Berkesz;855
Mogyorósbánya;853
Csikóstõttõs;852
Vácegres;849
Perkupa;848
Barabás;846
Gemzse;846
Sopronhorpács;846
Hollóháza;845
Tiszaigar;843
Beregdaróc;842
Körösszakál;842
Mátramindszent;842
Pölöske;842
Fülöpháza;841
Peresznye;841
Káptalanfa;840
Mindszentgodisa;840
Osztopán;840
Tótszentmárton;840
Zalaszentbalázs;838
Attala;837
Balsa;837
Baté;837
Cserhátsurány;837
Királd;837
Szajk;837
Sorokpolány;836
Gánt;835
Csajág;834
Nógrádsáp;833
Geszt;830
Papos;830
Felpéc;829
Zsira;829
Boba;826
Kemenesmagasi;826
Nyírkércs;826
Domaháza;825
Magyaratád;824
Vassurány;824
Karmacs;822
Hejõszalonta;821
Nova;821
Zánka;821
Csengerújfalu;819
Kõvágóörs;819
Mórichida;818
Pecöl;817
Bábonymegyer;816
Újrónafõ;816
Zemplénagárd;815
Rozsály;814
Szigliget;814
Tarhos;812
Búcsúszentlászló;811
Csernely;811
Egyházaskozár;811
Sajóvelezd;810
Öregcsertõ;809
Horvátzsidány;808
Nagycsécs;808
Geresdlak;807
Rábagyarmat;806
Szentlászló;806
Értény;803
Tés;803
Adásztevel;801
Alacska;801
Szerecseny;801
Mánfa;798
Nyírpilis;798
Ostffyasszonyfa;797
Somogyszentpál;797
Gógánfa;796
Sárhida;796
Külsõvat;795
Vámosújfalu;795
Gamás;794
Hegyfalu;794
Ordacsehi;794
Bodony;793
Szabadszentkirály;793
Óbarok;792
Rakaca;792
Becsvölgye;791
Gyõrsövényház;791
Mátyásdomb;791
Magyarlak;790
Vereb;789
Baksa;788
Háromfa;788
Mátraballa;786
Miháld;786
Szin;785
Ludas;784
Mihályháza;782
Csengersima;779
Nekézseny;779
Zsana;777
Bársonyos;774
Somogyvámos;774
Ipolyvece;773
Kisdorog;773
Mórágy;773
Lónya;772
Marcaltõ;772
Medina;769
Bikal;767
Söpte;763
Bolhó;762
Felsõrajk;762
Túristvándi;762
Kisfalud;760
Somogyaszaló;759
Somogyszil;759
Szenna;758
Vése;758
Nemesvid;757
Püspökszilágy;756
Tolmács;756
Alsónyék;755
Mesterszállás;755
Remeteszõlõs;755
Taliándörögd;754
Somogysámson;752
Kóspallag;751
Csobaj;750
Belezna;748
Kaposújlak;748
Mikófalva;748
Babarc;747
Jánd;747
Pécsudvard;747
Nikla;746
Zsurk;746
Nagybörzsöny;744
Táp;744
Nagynyárád;743
Nemti;743
Tapsony;743
Baktakék;742
Újdombrád;742
Egyházasgerge;741
Tiszakóród;740
Nemesdéd;739
Tomajmonostora;739
Vönöck;739
Sáregres;737
Borsfa;736
Tornanádaska;735
Magyaregregy;733
Ölbõ;733
Borsodivánka;732
Méhtelek;732
Alsónána;731
Dóc;731
Penyige;731
Jéke;729
Alsóberecki;726
Fürged;726
Tiszagyulaháza;726
Szamossályi;725
Borzavár;723
Dunaszentpál;723
Kétpó;723
Nemesgörzsöny;723
Sonkád;723
Sajópálfala;722
Kéty;719
Felsõtelekes;718
Molnári;718
Bükkszék;717
Jásd;717
Aldebrõ;716
Jászágó;716
Rudolftelep;716
Garabonc;715
Tanakajd;715
Barbacs;714
Imrehegy;714
Tereske;714
Tófej;713
Kétújfalu;711
Gyulakeszi;710
Nagyút;710
Öttömös;710
Patvarc;708
Bõ;707
Lipót;707
Zalabér;705
Ácsteszér;704
Homokbödöge;701
Som;701
Csénye;699
Nógrádsipek;698
Viss;696
Diósviszló;695
Drávaszabolcs;694
Ivánc;694
Kokad;694
Tisztaberek;693
Nógrádkövesd;692
Balatonmáriafürdõ;691
Bátorliget;691
Kolontár;690
Szulok;690
Hárskút;689
Kerékteleki;689
Zalabaksa;689
Kömpöc;687
Tiszamogyorós;687
Egerfarmos;686
Eszteregnye;686
Ragály;684
Rábakecöl;683
Besenyõd;681
Mikebuda;681
Nemesbük;681
Kovácsvágás;679
Nagyar;679
Csányoszró;677
Rákóczibánya;677
Alsónemesapáti;676
Nagyrév;676
Nyírlövõ;676
Csobád;675
Pátyod;675
Somlószõlõs;674
Nagybárkány;673
Sitke;673
Úny;673
Zalatárnok;673
Szeleste;671
Vát;671
Dör;670
Györe;670
Kapoly;670
Sárpilis;670
Kunpeszér;669
Göncruszka;668
Túrricse;668
Tiszaladány;667
Hosszúpereszteg;666
Bánd;665
Káva;664
Tiszaadony;664
Hunya;663
Hercegkút;662
Oszkó;662
Szanda;662
Abaújkér;660
Lak;660
Mezõsas;660
Királyhegyes;659
Meggyeskovácsi;659
Szilsárkány;659
Alsószentiván;658
Nágocs;656
Erdõkövesd;655
Botpalád;654
Kálmáncsa;654
Sorkifalud;652
Nyírderzs;651
Pálosvörösmart;651
Püski;651
Sátorhely;651
Bánk;650
Bánokszentgyörgy;650
Sótony;650
Fityeház;649
Gyód;649
Ipolyszög;649
Gersekarát;648
Kemenesszentpéter;648
Olcsva;648
Vezseny;648
Epöl;647
Nagyveleg;647
Jákó;646
Perenye;646
Galgaguta;645
Balatonakali;644
Tarnabod;644
Erdõhorváti;643
Máriahalom;643
Nagydobsza;643
Kardos;642
Vécs;642
Nagyrozvágy;641
Cégénydányád;640
Csegöld;640
Kisnémedi;640
Ura;638
Fertõendréd;637
Nagyacsád;637
Nagypeterd;637
Vilonya;637
Csömödér;636
Nógrádszakál;636
Felsõpáhok;635
Himod;635
Mike;635
Bakonyjákó;634
Csõvár;633
Radostyán;633
Beregsurány;631
Dáka;631
Lucfalva;631
Pári;631
Hevesvezekény;630
Csögle;629
Sümegcsehi;629
Szögliget;628
Bakonytamási;627
Kuncsorba;627
Muraszemenye;626
Balatonszõlõs;625
Kerta;625
Taktabáj;625
Bogyoszló;624
Ferencszállás;624
Fácánkert;623
Kondó;622
Kunbaracs;622
Magyaregres;621
Vadna;621
Kökény;620
Magyarhertelend;620
Siójut;620
Abaliget;618
Szátok;618
Bekölce;617
Fertõhomok;617
Homorúd;616
Panyola;616
Keszeg;615
Salomvár;615
Surd;615
Berkenye;614
Istvándi;613
Rásonysápberencs;613
Sümegprága;613
Nemesbõd;612
Sárkeszi;611
Terem;611
Sajóivánka;610
Vasboldogasszony;610
Felsõnána;609
Óhíd;609
Olasz;609
Nagykorpád;608
Tornyiszentmiklós;607
Demjén;606
Kemenessömjén;606
Rábacsécsény;604
Hevesaranyos;602
Nak;602
Semjénháza;601
Alsóújlak;599
Érsekhalma;599
Mersevát;598
Pusztaszentlászló;598
Mecsér;597
Szabás;597
Alsópetény;595
Mihálygerge;595
Gyõrvár;594
Ete;593
Herencsény;593
Beleg;592
Szántód;592
Hangács;591
Felsõpetény;590
Töttös;590
Nagykökényes;589
Piliny;589
Egerbocs;588
Szálka;588
Dencsháza;587
Gelej;587
Aggtelek;586
Tófalu;586
Acsád;585
Szuha;585
Felsõszölnök;584
Lázi;584
Kõkút;582
Cserkút;581
Csaroda;580
Kispalád;580
Kisszekeres;580
Csincse;579
Vámosatya;578
Somogyzsitfa;577
Tiszacsermely;577
Zubogy;577
Boldogkõújfalu;576
Pusztamagyaród;576
Székelyszabar;576
Cirák;575
Zimány;574
Pápakovácsi;573
Mezõpeterd;572
Szajla;570
Gelénes;569
Kömörõ;569
Körösnagyharsány;568
Tiszarád;568
Nagygyimót;567
Somogyfajsz;567
Telkibánya;567
Jobaháza;565
Hidvégardó;564
Tüskevár;564
Csesznek;563
Dombiratos;560
Golop;560
Moha;560
Zalaszabar;560
Bérbaltavár;558
Lad;558
Pörböly;558
Újiráz;558
Darvas;557
Nagyszekeres;557
Bár;556
Csapod;556
Kereki;556
Nógrádmarcal;556
Egyházaskeszõ;555
Zákányfalu;555
Eperjes;554
Simaság;553
Szentgáloskér;553
Vérteskethely;553
Csatár;550
Lakócsa;550
Orci;550
Becske;549
Várgesztes;548
Györgytarló;547
Bojt;546
Egyházashollós;546
Bálványos;544
Csaholc;544
Bucsu;543
Rétalap;543
Jákfalva;541
Mikóháza;541
Sávoly;541
Vízvár;541
Gerde;540
Vanyola;540
Lengyel;539
Egerlövõ;537
Feketeerdõ;537
Kishartyán;536
Károlyháza;534
Felsõvadász;532
Sántos;531
Bõszénfa;530
Dunatetétlen;529
Egyed;529
Nagyér;529
Árpádhalom;528
Bezi;528
Magyarszerdahely;528
Pécsely;526
Sajónémeti;526
Nadap;525
Tiszavid;524
Kelemér;523
Kemendollár;523
Telekes;523
Gyõrasszonyfa;521
Nemesapáti;519
Eplény;516
Helesfa;516
Kisharsány;516
Vámosoroszi;515
Kondorfa;514
Zalacséb;514
Magyargencs;512
Nagytevel;512
Drávafok;509
Nagylengyel;509
Balatonõszöd;507
Malomsok;507
Söréd;506
Acsalag;505
Birján;505
Erdõtarcsa;504
Jákfa;504
Ambrózfalva;503
Balatonújlak;503
Küngös;503
Szólád;501
Kémes;499
Hét;498
Somogymeggyes;497
Géberjén;496
Máriakéménd;494
Sajópüspöki;494
Ártánd;493
Bajánsenye;493
Pogányszentpéter;493
Vértestolna;493
Kemenesmihályfa;492
Rábaszentmihály;492
Felsõcsatár;491
Izmény;491
Zabar;490
Kaposhomok;488
Hetvehely;487
Karos;487
Erdõkürt;486
Lippó;486
Somogyapáti;486
Kács;485
Körösújfalu;485
Szápár;485
Egyházasdengeleg;484
Nick;484
Fehértó;483
Muhi;483
Szakáld;483
Kötcse;481
Kustánszeg;481
Nagylak;481
Balajt;480
Somogybabod;480
Rábaszentandrás;479
Nagypáli;477
Szamosangyalos;477
Mátételke;476
Váraszó;476
Hont;475
Kisigmánd;475
Kup;475
Selyeb;475
Dióskál;474
Õrtilos;474
Romonya;474
Sóly;474
Salköveskút;473
Királyszentistván;471
Doba;470
Klárafalva;470
Márokpapi;470
Mályinka;468
Markotabödöge;468
Rábacsanak;468
Lövõpetri;467
Babosdöbréte;466
Bikács;466
Nagyalásony;466
Móricgát;465
Nagyrada;465
Zádorfalva;465
Narda;464
Somogygeszti;464
Kisdombegyház;463
Vág;463
Iharos;460
Kemeneshõgyész;460
Kétbodony;460
Pankasz;460
Szentdomonkos;460
Kõszegszerdahely;459
Vörs;459
Balatonmagyaród;456
Mátraszentimre;456
Répáshuta;456
Csikvánd;455
Semjén;455
Esztergályhorváti;454
Kéleshalom;453
Lakhegy;453
Ipolytarnóc;452
Káptalantóti;452
Bakonybánk;451
Krasznokvajda;451
Kisbucsa;450
Óföldeák;450
Bejcgyertyános;449
Várda;449
Mucsi;448
Nyalka;447
Somogytúr;447
Tengõd;447
Fülesd;446
Gasztony;445
Révleányvár;445
Zalagyömörõ;445
Hernádszentandrás;443
Ráksi;443
Baranyajenõ;442
Szúcs;442
Ábrahámhegy;441
Bakonyoszlop;441
Paloznak;441
Szalmatercs;441
Benk;440
Magyarszecsõd;440
Siklósnagyfalu;440
Bodrog;439
Csanádalberti;439
Márok;438
Bolhás;436
Magyarkeresztúr;436
Sajólászlófalva;436
Porva;435
Sajósenye;435
Tornyosnémeti;435
Bonyhádvarasd;434
Bogádmindszent;433
Szentantalfa;433
Legénd;432
Mosonudvar;432
Pusztaottlaka;431
Bedegkér;430
Csenyéte;430
Kamond;430
Sumony;430
Röjtökmuzsaj;429
Csoma;428
Lovas;428
Törökkoppány;428
Szentgyörgyvölgy;427
Uszka;427
Dabronc;425
Szemely;424
Szõc;424
Martonyi;423
Nagyszakácsi;423
Kánya;422
Nagykutas;422
Orosztony;422
Kisbágyon;421
Csörnyeföld;420
Ordas;420
Molnaszecsõd;419
Alsószuha;418
Belvárdgyula;418
Drávasztára;418
Kisbárapáti;418
Kisunyom;418
Nagytõke;418
Pethõhenye;418
Szécsényfelfalu;418
Hidegkút;417
Ipolytölgyes;417
Kisbajom;417
Léh;417
Rönök;417
Szakony;417
Újbarok;417
Boda;416
Csém;416
Hegyszentmárton;416
Zengõvárkony;416
Pusztamiske;415
Zaránk;413
Hedrehely;412
Táska;412
Bátaapáti;411
Dunaszentmiklós;411
Füzér;411
Lókút;411
Ömböly;411
Somodor;411
Nemeshany;409
Váckisújfalu;409
Nagybakónak;408
Zalaszentgyörgy;408
Alibánfa;407
Sajókápolna;407
Tekenye;407
Zajta;406
Csitár;404
Sand;404
Zselicszentpál;404
Tiszainoka;402
Drávatamási;401
Nagyszékely;401
Tarjánpuszta;401
Büssü;400
Boldogasszonyfa;399
Felsõmocsolád;399
Bögöt;398
Gilvánfa;398
Hács;398
Kám;398
Pornóapáti;398
Szamoskér;398
Ócsárd;397
Somogyhárságy;397
Vasegerszeg;397
Kemenespálfa;396
Almamellék;395
Cserépváralja;394
Rinyaszentkirály;394
Balatonszepezd;393
Kisvejke;393
Parádsasvár;393
Aszófõ;392
Cserdi;392
Garadna;392
Batyk;391
Csertõ;391
Kercseliget;391
Kertészsziget;391
Rigyác;391
Marcalgergelyi;390
Mecsekpölöske;390
Pölöskefõ;390
Adorjánháza;389
Erdõsmecske;389
Gecse;389
Bazsi;388
Belecska;388
Csárdaszállás;388
Nyíri;388
Szarvasgede;388
Szenta;388
Borszörcsök;386
Mõcsény;386
Nagycsepely;386
Nagypall;385
Szemere;385
Olaszfa;383
Csönge;382
Gyóró;382
Liget;382
Sajtoskál;382
Tiszadorogma;382
Örménykút;381
Terény;380
Zsarolyán;380
Tiszabábolna;379
Gige;377
Nagytótfalu;376
Vasszilvágy;376
Mónosbél;375
Pásztori;375
Rakacaszend;375
Fulókércs;374
Mucsfa;374
Szamosbecs;374
Alsószölnök;373
Bakonypölöske;373
Vasasszonyfa;373
Vaskeresztes;373
Vaspör;373
Borjád;372
Fáj;372
Felsõkelecsény;372
Jászivány;372
Szabolcs;372
Zalavég;372
Zalaháshágy;371
Apátistvánfalva;370
Gic;370
Kapolcs;370
Pápasalamon;370
Petrikeresztúr;370
Szentegát;370
Kövegy;369
Liszó;369
Farkasgyepû;368
Mihályfa;368
Várbalog;368
Bélavár;367
Endrõc;366
Páli;365
Dámóc;364
Csehimindszent;363
Görcsönydoboka;363
Szamosújlak;363
Ivád;362
Petrivente;362
Dabrony;361
Hidegség;361
Köveskál;361
Zics;361
Bér;360
Oszlár;360
Szakonyfalu;360
Varsád;360
Cserháthaláp;359
Katafa;359
Pálmajor;359
Szõkéd;359
Alsórajk;358
Simonfa;358
Völcsej;358
Tákos;357
Udvari;357
Dénesfa;355
Újtelek;355
Rózsafa;353
Vashosszúfalu;353
Bátor;352
Egervölgy;352
Ipolydamásd;352
Zalaistvánd;352
Nagyváty;351
Nemeskolta;351
Aranyosgadány;350
Csánig;350
Bácsszõlõs;349
Csép;349
Vásárosmiske;349
Kiskinizs;348
Nagydém;347
Tokorcs;347
Boncodfölde;346
Császló;346
Diósberény;346
Patapoklosi;345
Somogyhatvan;345
Old;344
Sajógalgóc;344
Bozsok;343
Kisbodak;343
Pusztaszemes;343
Csipkerek;342
Iszkáz;342
Kaposkeresztúr;342
Kistormás;342
Nagykinizs;342
Répcevis;342
Gadány;341
Patalom;341
Gibárt;340
Mezõhék;340
Pere;339
Nagyhajmás;338
Ziliz;338
Fony;337
Hencse;337
Vasszentmihály;337
Velem;337
Lácacséke;334
Szava;334
Zalaboldogfa;334
Baktüttös;333
Szarvaskõ;333
Uzsa;333
Felsõregmec;332
Kismányok;332
Pénzesgyõr;332
Bakonya;330
Botykapeterd;329
Hollókõ;329
Kõvágótöttös;329
Pinnye;329
Szente;329
Nyõgér;328
Csesztve;327
Hottó;327
Vindornyaszõlõs;327
Zádor;327
Csonkahegyhát;326
Drágszél;326
Egyházashetye;326
Kisapáti;326
Koppányszántó;326
Ófalu;326
Nemesvita;325
Szergény;325
Kazsok;324
Kisszékely;324
Korlát;324
Magyarmecske;324
Gyepükaján;323
Kisvaszar;323
Tormafölde;323
Und;323
Bakonyszücs;322
Kárász;322
Ukk;322
Gõsfa;321
Lesencefalu;321
Zalaszentjakab;321
Kissikátor;320
Megyehíd;320
Szõce;320
Füzérkomlós;319
Szebény;319
Szentbalázs;319
Fedémes;318
Matty;318
Szemenye;318
Folyás;317
Nyomár;317
Szalatnak;317
Tormásliget;317
Fülpösdaróc;316
Hetefejércse;316
Kelevíz;315
Csabaszabadi;314
Kistótfalu;314
Románd;314
Tiszavalk;314
Bocska;313
Fancsal;313
Mikosszéplak;312
Csataszög;311
Vasalja;311
Balatonudvari;310
Dövény;310
Egeraracsa;310
Hagyárosbörönd;310
Bozzai;309
Kérsemjén;309
Kisnamény;309
Hövej;308
Milejszeg;308
Oroszló;308
Szamostatárfalva;308
Garé;307
Hernádkércs;307
Rátót;306
Téseny;305
Tompaládony;305
Zók;305
Füzérradvány;304
Gór;304
Zselickislak;304
Csömend;303
Nemesrempehollós;303
Gyöngyösmellék;302
Nemessándorháza;302
Szenyér;302
Egyházasharaszti;301
Kátoly;301
Somlójenõ;301
Alsómocsolád;300
Fertõboz;300
Nemeskocs;300
Tormás;300
Alsódobsza;298
Szentgyörgyvár;298
Böde;296
Répceszemere;296
Szilaspogony;296
Told;296
Nemesrádó;295
Csibrák;294
Uppony;294
Kishuta;293
Lórév;292
Miszla;292
Bakóca;291
Bükkszentmárton;291
Kispáli;291
Ládbesenyõ;291
Mekényes;291
Misefa;291
Sikátor;291
Lovászhetény;290
Pórszombat;290
Csehbánya;289
Lispeszentadorján;289
Perõcsény;289
Sáska;289
Teklafalu;289
Újvárfalva;289
Vámoscsalád;289
Gyugy;288
Õsagárd;288
Szentdénes;288
Bodonhely;287
Hejõkürt;287
Závod;287
Bókaháza;286
Nemeskeresztúr;286
Nemespátró;286
Pápadereske;286
Cák;285
Csempeszkopács;285
Pácsony;285
Bogdása;283
Kovácshida;283
Magosliget;283
Nemescsó;283
Oltárc;283
Szabadi;283
Szegi;283
Felsõberecki;282
Magyarsarlós;282
Tömörd;282
Iklódbördõce;281
Kásád;281
Nagygeresd;281
Olcsvaapáti;281
Sopronnémeti;281
Szentliszló;281
Palkonya;280
Resznek;279
Újireg;279
Veszprémgalsa;279
Zalaszentlõrinc;279
Porrogszentkirály;278
Drávapalkonya;277
Mikekarácsonyfa;277
Kenéz;276
Kerkabarabás;276
Pápoc;276
Szentistvánbaksa;275
Hásságy;273
Hegymagas;272
Kacsóta;272
Bakonypéterd;271
Bögöte;271
Dubicsány;271
Kislippó;271
Merenye;271
Rinyaújlak;271
Sobor;271
Csombárd;270
Detek;270
Nemesszentandrás;270
Nyim;270
Rádóckölked;270
Sámsonháza;270
Bugacpusztaháza;269
Lénárddaróc;269
Mindszentkálla;269
Gelsesziget;268
Pusztacsalád;268
Szûr;268
Túrony;268
Erzsébet;266
Pósfa;266
Árpás;265
Gadna;265
Halogy;265
Bedõ;264
Hegyhátszentjakab;264
Mesteri;264
Gordisa;263
Villánykövesd;263
Magyarszombatfa;262
Nemeshetés;262
Pusztaradvány;262
Karakószörcsök;261
Mátyus;261
Nyugotszenterzsébet;261
Nagyrákos;260
Fonó;259
Köcsk;259
Szilágy;259
Dúzs;258
Visnye;258
Beret;257
Jágónak;257
Alsóbogát;256
Zselickisfalud;256
Magyarszentmiklós;255
Nagypirit;255
Viszák;255
Dörgicse;254
Mánd;254
Somogyviszló;254
Kiskassa;252
Márkháza;252
Bonnya;251
Négyes;251
Piskó;250
Sóstófalva;250
Zalaerdõd;250
Szõkedencs;249
Borsodgeszt;248
Damak;248
Dunaremete;248
Zajk;248
Aka;247
Heresznye;247
Kávás;247
Nagykeresztúr;247
Szinpetri;247
Vászoly;247
Csehi;246
Döbrönte;246
Jósvafõ;246
Sárazsadány;246
Sorkikápolna;246
Bodmér;245
Cún;245
Lothárd;245
Murarátka;245
Pamuk;245
Pötréte;245
Torvaj;245
Zala;245
Tékes;244
Kisszentmárton;243
Kõszegdoroszló;243
Veszprémfajsz;243
Illocska;241
Szaporca;241
Tiszatardos;241
Béb;240
Gerényes;240
Gyügye;240
Hermánszeg;240
Komlóska;240
Patosfa;240
Vinár;240
Ecseny;239
Mencshely;239
Zaláta;239
Hirics;238
Ivándárda;238
Bodolyabér;237
Csatka;237
Kerecseny;237
Kilimán;237
Kisdobsza;237
Tiszacsécse;237
Bezedek;236
Hejce;235
Hollád;235
Ibafa;235
Szárazd;234
Felsõmarác;233
Alsótold;232
Lúzsok;232
Ganna;231
Hernádpetri;231
Szulimán;231
Egeralja;230
Gálosfa;230
Porrog;230
Nemeske;229
Vilyvitány;229
Kerkaszentkirály;228
Komjáti;228
Bucsuta;227
Csákány;227
Polány;227
Szakadát;227
Pat;226
Bisse;225
Dozmat;225
Tomor;225
Kákics;224
Õrimagyarósd;224
Hajmás;223
Monaj;223
Andrásfa;222
Abaújvár;221
Kastélyosdombó;221
Raposka;221
Bakonyszentiván;220
Drávaiványi;220
Kórós;220
Miklósi;220
Duka;219
Kissomlyó;219
Sajómercse;219
Abod;218
Meszlen;218
Szécsisziget;218
Kiscsécs;217
Békás;216
Gagyvendégi;216
Magyarnádalja;216
Magyartelek;216
Tarnaszentmária;216
Szegerdõ;215
Balatoncsicsó;214
Köblény;214
Somogyegres;214
Újlõrincfalva;214
Kisbabot;213
Visz;213
Cserénfa;212
Liptód;211
Szegilong;211
Kemestaródfa;210
Drávacsepely;209
Martonfa;209
Nemeskér;209
Rinyabesenyõ;209
Teleki;209
Chernelházadamonya;208
Drávacsehi;208
Kõszegpaty;208
Potony;208
Szalapa;208
Szarvaskend;208
Szilvásszentmárton;208
Trizs;208
Zalkod;208
Edde;207
Hernádcéce;207
Keszõhidegkút;207
Rábatöttös;207
Lapáncsa;206
Nóráp;205
Tornaszentandrás;205
Feked;204
Kisgyalán;204
Kishajmás;204
Csáfordjánosfa;203
Kercaszomor;203
Kisrákos;203
Petõmihályfa;203
Fazekasboda;202
Gagybátor;202
Szentimrefalva;202
Peterd;201
Tótújfalu;201
Kemenesszentmárton;200
Terpes;200
Alsóregmec;199
Pusztafalu;199
Szécsénke;199
Vigántpetend;199
Felsõgagy;198
Horvátlövõ;198
Lickóvadamos;198
Márfa;198
Ozmánbük;198
Somogyaracs;198
Szalafõ;198
Tornaszentjakab;198
Bódvalenke;197
Kacorlak;197
Meszes;197
Ellend;196
Abaújszolnok;195
Pula;195
Tilaj;195
Ipacsfa;194
Kisbárkány;194
Öcs;194
Rigács;194
Drávaszerdahely;193
Homokkomárom;193
Magyardombegyház;193
Bakonykoppány;192
Tárnokréti;192
Tésenfa;192
Bakháza;191
Várfölde;191
Kisherend;190
Németfalu;190
Kisrécse;189
Kissziget;189
Molvány;189
Szentbékkálla;189
Baranyahídvég;188
Karakó;188
Felsõjánosfa;187
Rádfalva;187
Sámod;187
Kisasszonyfa;186
Ág;185
Zsédeny;185
Adorjás;184
Kéked;184
Kisberény;183
Szilvágy;182
Kistolmács;181
Maráza;181
Újsolt;181
Bihardancsháza;180
Grábóc;180
Vásárosbéc;177
Hunyadfalva;176
Kistapolca;176
Monyoród;176
Nagybudmér;176
Vejti;176
Kisrozvágy;175
Lulla;175
Bácsszentgyörgy;174
Somogyacsa;174
Apácatorna;173
Okorág;173
Zalamerenye;173
Horpács;172
Kisasszond;172
Kánó;171
Kiskutas;171
Bózsva;170
Kiscsehi;170
Kisnyárád;170
Csapi;169
Darnó;169
Kerkateskánd;169
Lápafõ;169
Nagyvejke;169
Sósvertike;169
Áta;168
Bánfa;168
Komlósd;168
Hosszúvölgy;167
Kozárd;167
Kupa;167
Ózdfalu;167
Tivadar;167
Baskó;166
Csarnóta;166
Nagygörbõ;166
Pócsa;166
Pusztaederics;166
Alsótelekes;165
Basal;165
Kisgörbõ;165
Somogycsicsó;165
Szuhafõ;165
Pinkamindszent;164
Rábcakapi;164
Büttös;163
Ebergõc;163
Hernádszurdok;163
Pereked;163
Vásárosfalu;163
Hegyesd;162
Kékesd;162
Péterhida;162
Zsujta;162
Vének;161
Hegyháthodász;160
Kálócfa;160
Kisecset;160
Szilvás;160
Csonkamindszent;159
Pálfiszeg;159
Örvényes;158
Páprád;158
Iliny;157
Katádfa;157
Hegyhátsál;156
Dobri;155
Mesterháza;155
Nagykölked;155
Szakácsi;155
Csurgónagymarton;154
Garbolc;154
Rinyakovácsi;154
Sérsekszõlõs;154
Varászló;153
Harasztifalu;152
Nagycsány;152
Várkeszõ;152
Várong;152
Gyanógeregye;151
Szágy;151
Baranyaszentgyörgy;150
Tótszentgyörgy;150
Vázsnok;150
Pusztacsó;149
Regenye;147
Drávagárdony;146
Nemeskisfalud;146
Kalaznó;145
Siklósbodony;145
Bakonygyirót;143
Dobronhegy;142
Pettend;142
Bezeréd;141
Gyöngyfa;140
Hegyhátmaróc;140
Velény;140
Rápolt;139
Fiad;138
Nagytilaj;138
Nemesládony;138
Hernádbûd;137
Szõke;137
Oroszi;136
Szellõ;136
Vékény;136
Porpác;135
Rábaszentmiklós;135
Vállus;135
Balatonrendes;134
Borgáta;134
Döbörhegy;134
Kisfüzes;134
Zalaszegvár;134
Bakonykúti;133
Barnag;132
Bosta;132
Kisjakabfalva;132
Somogydöröcske;132
Szentpéterfölde;132
Udvar;132
Bokor;131
Kisszõlõs;131
Tarrós;130
Tikos;130
Apátvarasd;129
Bükkmogyorósd;129
Felsõegerszeg;129
Mezõd;129
Óbánya;129
Sárok;129
Zsebeháza;129
Lócs;128
Pusztaberki;128
Besence;126
Kerkakutas;126
Orbányosfa;126
Zalasárszeg;126
Cserhátszentiván;125
Felsõtold;125
Füzérkajata;125
Háromhuta;125
Fûzvölgy;124
Gyõröcske;124
Tófû;123
Vindornyafok;123
Hegymeg;122
Kányavár;122
Komlódtótfalu;122
Ormándlak;122
Vekerd;122
Kistamási;121
Barlahida;120
Kisdér;120
Monoszló;120
Szászfa;120
Vid;120
Edve;119
Fenyõfõ;119
Ivánbattyán;119
Zalaigrice;119
Nemesnép;118
Zalaújlak;118
Gétye;117
Szentborbás;116
Várad;116
Szõlõsardó;115
Nagymizdó;114
Pécsdevecser;114
Balatonhenye;113
Padár;112
Kaszó;110
Nagyhódos;109
Szentjakabfa;109
Filkeháza;108
Kisbudmér;108
Kiscsõsz;108
Ortaháza;108
Répceszentgyörgy;108
Babarcszõlõs;107
Újszalonta;107
Szorosad;106
Hegyhátszentpéter;105
Ispánk;104
Marócsa;104
Varga;103
Vöckönd;103
Galvács;102
Alsógagy;101
Hernyék;101
Ólmod;101
Bodorfa;100
Kerkafalva;100
Drávakeresztúr;99
Zsennye;98
Belsõsárd;97
Kétvölgy;97
Maglóca;97
Potyond;97
Csebény;96
Gyûrûs;96
Palé;96
Kemeneskápolna;95
Drávapiski;94
Németbánya;94
Pécsbagota;94
Daraboshegy;93
Gadács;93
Kallósd;91
Kaposgyarmat;91
Kutasó;91
Somogysimonyi;91
Szentkatalin;91
Erdõsmárok;90
Keménfa;90
Kisbeszterce;89
Halastó;87
Kisberzseny;87
Kiszsidány;87
Magyarlukafa;87
Imola;86
Lasztonya;86
Nemesborzova;85
Okorvölgy;85
Somogybükkösd;85
Szentmargitfalva;85
Döröske;84
Mérges;84
Tagyon;84
Kerkáskápolna;83
Sárfimizdó;83
Vöröstó;83
Keléd;82
Regéc;82
Abaújlak;81
Dinnyeberki;81
Kékkút;81
Vindornyalak;81
Csöde;80
Mogyoróska;80
Kishódos;79
Porrogszentpál;79
Vágáshuta;79
Fõnyed;78
Tésa;78
Irota;77
Velemér;77
Gömörszõlõs;76
Maróc;76
Bódvarákó;75
Somlóvecse;75
Szatta;75
Debercsény;73
Hetyefõ;73
Viszló;73
Abaújalpár;72
Markóc;72
Salföld;72
Bürüs;71
Gáborjánháza;71
Pányok;71
Gyalóka;70
Külsõsárd;69
Horváthertelend;68
Kispirit;68
Nagyhuta;68
Vadosfa;68
Almáskeresztúr;67
Murga;67
Szentkozmadombja;67
Szörény;66
Zebecke;66
Hegyhátszentmárton;65
Orfalu;65
Rábasebes;65
Zalaszentmárton;65
Almásháza;63
Döbröce;63
Kovácsszénája;62
Patca;62
Hosztót;61
Husztót;61
Arka;59
Alsószenterzsébet;57
Cakóháza;57
Garáb;57
Kemse;56
Ligetfalva;56
Varbóc;56
Tengeri;55
Valkonya;55
Börzönce;54
Gosztola;54
Rinyaújnép;54
Óbudavár;53
Kány;52
Pördefölde;52
Kozmadombja;51
Baglad;50
Égerszög;50
Bakonyság;49
Szaknyér;49
Kára;47
Hosszúvíz;46
Iklanberény;46
Zalaszombatfa;45
Kisvásárhely;44
Nyésta;44
Bödeháza;43
Márokföld;43
Zalameggyes;43
Pamlény;41
Gombosszeg;36
Becskeháza;35
Sénye;35
Szárász;35
Litka;34
Csér;31
Libickozma;31
Perecse;31
Ramocsa;31
Keresztéte;30
Sima;30
Magyarföld;29
Szijártóháza;28
Csertalakos;27
Dötk;27
Nemesmedves;27
Pusztaapáti;27
Teresztenye;27
Zalaköveskút;27
Lendvadedes;25
Megyer;23
Debréte;19
Lendvajakabfa;19
Felsõszenterzsébet;17
Tornakápolna;15
Tornabarakony;14
Gagyapáti;13
Iborfia;9
